proyecto,name
065102107,Pedal Acelerador BMW
060241107,G50 BMW
067121107,NCAR BMW
060220107,Pedal G8x RHD
060212107,Pedal G8x (Derivado G2x 35Up)
060207107,Pedal freno I16 (Nuevo i8)
060204107,Pedal freno G09 - G18
060202107,Palanca Pedal Freno E46
060192107,CLAAR WE BMW
060174107,I20 FAAR WE
060170107,Carpeta Oferta FAAR WE
060045107,Pedalera BMW PL7
060025107,Pedalera BMW G05 G06
060046107,Pedalera BMW PL2-3
060245171,MEB21 RHD
060233171,MEB21
060198171,Porcshe Pedals
060194171,Pedales VW Bulli- Caddy
060166171,New Bulli
060161171,Pedales MEB
060162171,Brakepedalmodul T6
060160171,Kupplungspedalmodul T6
060161171,Elektrische pedalmodul
070001171,Montaje freno mano VW
970002171,Freno Mano VW
971008171,Cjto Palanca freno VW
971009171,Freno de mano VN54X-0
060177171,MQB37A
060019171,Bremspedal VW
060020171,Kupplungspedal VW
060026171,MQB-A0 Pedaleras
070002171,Freno mano MQB-A0
066111114,DAIMLER VAN EA FRENO
060051114,Pedal Clutch Daimler VS30
060051114,Pedal Brake Daimler VS30
986011114,Perfil de pl stico
060023114,Mercedes MFA2
060223114,Mercedes MMA
060023114,Pedaleria MB MFA2
986011114,Perfil plastico VS20
060035114,Pedalera Clase M
060230123,V801
968171123,Pedal Ford V769
060218123,Proyecto JX61 FORD
067002123,Brake pedal AT FORD 
060040123,Clutch Pedal FORD C2
060041123,Brake pedal FORD C2
060173123,desarrollo pedales FORD V4
067122155,CMCB RENAULT
060205155,PEDAL FRENO XDD
060178155,CMFB
060167155,Pedales XFK (futuro Kangoo)
971005155,Freno Mano Renault
096003155,Tapas de pedales Renault
960015102,Pedales Ajustables
960015102,Pedales Ajustables Audi
060217102,Pedal A4 - A6
066113195,Brake pedal  Stellantis
065100004,DAIMLER VAN.EA ACELERADOR
067119136,JLR EMA
067118172,VOLVO V436E-V442E
060210190,Pedal Vinfast 
067103190,Vinfast pedals
060191143,Pedal freno RH BOGE
060176153,P2JO
060055153,Pedales PSA
060172130,JLR D7A
060169130,JLR MLA
060052130,Brake and clutch pedal D8
060053152,Pedaleras Porsche
998008144,Parachoques NISSANN H60B
971010144,Freno de mano de NISSAN
087022215,Tapas SE370 PA
060047146,Pedalera OPEL Corsa
060002117,1 CJTO PED. FRENO PQ35-46
060002217,1 CJTO PED. EMBR. PQ35-46
085009160,Revestimiento bajo pies
971006122,Cjto. Palanca  Freno.
971007999,Freno de mano de IVECO
060238138,GRENADIER MAGNA INEOS
987112138,Cjto Soporte H60
060024122,Pedaleria FIAT
060034122,Pedaleria Fiat 500
060018146,G2XX Pedals
060043099,Market test GM
060016152,Porsche PO623
985051158,Cjt.Sop.Cent. Rear sit SE260
085057158,Tapa ISOFIX 
085056158,Gu a C SE270
087020158,Tapas anteriores SE270
087021158,Tapas posteriores SE270
087016158,Canal Gu a C
085040158,Tapa Aire
085053158,Guias cinta
086007158,Triangulos
086010158,Tapas laterales
087014158,Tapas puertas
087019158,Cjto Tapa Anticong.
985048158,Tapa Camara multif.
986009158,Tapa caratula flotas
987110158,Soporte centralita Cambio AT
987111158,Tapa Anticongelacion
982100158,Funda cerradura
080003158,Tapas puerta Skoda
080004158,Triangulos SE270